candidat,intentions,erreur_sup,erreur_inf
Bruno Retailleau,7,1.93,-1.93
Édouard Philippe,10,2.27,-2.27
Éric Zemmour,5,1.65,-1.65
Fabien Roussel,1,0.75,-0.75
Gabriel Attal,8,2.06,-2.06
Jean-Luc Mélenchon,15,2.71,-2.71
Marine Le Pen,33,3.56,-3.56
Marine Tondelier,2,1.06,-1.06
Nathalie Arthaud,1,0.75,-0.75
Nicolas Dupont-Aignan,2,1.06,-1.06
Raphaël Glucksmann,5,1.65,-1.65
François Hollande,4,1.48,-1.48
David Lisnard,2,1.06,-1.06
Dominique de Villepin,2,1.06,-1.06
François Ruffin,2,1.06,-1.06
Xavier Bertrand,1,0.75,-0.75
